[{
  "titre": "Assemblée actuelle (élections - 2012)",
  "sous_titre": "Assemblée élue au scrutin uninominal majoritaire à 2 tours",
  "nom_scientifique": "Scrutin majoritaire uninominal à deux tours",
  "results": [
    { "nuance": "EXG", "sieges": 0 },
    { "nuance": "FG", "sieges": 10 },
    { "nuance": "SOC", "sieges": 280 },
    { "nuance": "RDG", "sieges": 12 },
    { "nuance": "DVG", "sieges": 22 },
    { "nuance": "VEC", "sieges": 17 },
    { "nuance": "REG", "sieges": 2 },
    { "nuance": "ECO", "sieges": 0 },
    { "nuance": "AUT", "sieges": 0 },
    { "nuance": "CEN", "sieges": 2 },
    { "nuance": "ALLI", "sieges": 2 },
    { "nuance": "PRV", "sieges": 6 },
    { "nuance": "NCE", "sieges": 12 },
    { "nuance": "LR", "sieges": 194 },
    { "nuance": "DVD", "sieges": 15 },
    { "nuance": "FN", "sieges": 2 },
    { "nuance": "EXD", "sieges": 1 },
    { "nuance": "VID", "sieges": 0 },
    { "nuance": "ABS", "sieges": 0 },
    { "nuance": "CIT", "sieges": 0
  }]
}, {
  "titre": "Chambre \"à l'anglaise\"",
  "sous_titre": "Scrutin uninominal majoritaire à 1 tour",
  "nom_scientifique": "Scrutin majoritaire uninominal",
  "results": [
    { "nuance": "EXG", "sieges": 0 },
    { "nuance": "FG", "sieges": 9 },
    { "nuance": "SOC", "sieges": 286 },
    { "nuance": "RDG", "sieges": 9 },
    { "nuance": "DVG", "sieges": 17 },
    { "nuance": "VEC", "sieges": 10 },
    { "nuance": "REG", "sieges": 1 },
    { "nuance": "ECO", "sieges": 0 },
    { "nuance": "AUT", "sieges": 2 },
    { "nuance": "CEN", "sieges": 1 },
    { "nuance": "ALLI", "sieges": 1 },
    { "nuance": "PRV", "sieges": 5 },
    { "nuance": "NCE", "sieges": 15 },
    { "nuance": "LR", "sieges": 207 },
    { "nuance": "DVD", "sieges": 8 },
    { "nuance": "FN", "sieges": 6 },
    { "nuance": "EXD", "sieges": 0 },
    { "nuance": "VID", "sieges": 0 },
    { "nuance": "ABS", "sieges": 0 },
    { "nuance": "CIT", "sieges": 0
  }]
}, {
  "titre": "Chambre \"à l'allemande\"",
  "sous_titre": "Scrutin proportionnel personnalisé",
  "nom_scientifique": "Système mixte à finalité proportionnelle (uninominal majoritaire à un tour et proporitonnelle plurinominale avec sièges 'supplémentaires')",
  "results": [
    { "nuance": "EXG", "sieges": 0 },
    { "nuance": "FG", "sieges": 32 },
    { "nuance": "SOC", "sieges": 233 },
    { "nuance": "RDG", "sieges": 7 },
    { "nuance": "DVG", "sieges": 14 },
    { "nuance": "VEC", "sieges": 23 },
    { "nuance": "REG", "sieges": 1 },
    { "nuance": "ECO", "sieges": 0 },
    { "nuance": "AUT", "sieges": 2 },
    { "nuance": "CEN", "sieges": 1 },
    { "nuance": "ALLI", "sieges": 1 },
    { "nuance": "PRV", "sieges": 4 },
    { "nuance": "NCE", "sieges": 12 },
    { "nuance": "LR", "sieges": 168 },
    { "nuance": "DVD", "sieges": 6 },
    { "nuance": "FN", "sieges": 73 },
    { "nuance": "EXD", "sieges": 0 },
    { "nuance": "VID", "sieges": 0 },
    { "nuance": "ABS", "sieges": 0 },
    { "nuance": "CIT", "sieges": 0
  }]
}, {
  "titre": "Chambre \"à l'italienne\"",
  "sous_titre": "Scrutin proportionnel personnalisé",
  "nom_scientifique": "Scrutin proportionnel plurinominal à circonscription nationale avec prime au parti majoritaire (quorum d'éligibilité à 3%)",
  "results": [
    { "nuance": "EXG", "sieges": 0 },
    { "nuance": "FG", "sieges": 30 },
    { "nuance": "SOC", "sieges": 317 },
    { "nuance": "RDG", "sieges": 0 },
    { "nuance": "DVG", "sieges": 15 },
    { "nuance": "VEC", "sieges": 24 },
    { "nuance": "REG", "sieges": 0 },
    { "nuance": "ECO", "sieges": 0 },
    { "nuance": "AUT", "sieges": 0 },
    { "nuance": "CEN", "sieges": 0 },
    { "nuance": "ALLI", "sieges": 0 },
    { "nuance": "PRV", "sieges": 0 },
    { "nuance": "NCE", "sieges": 0 },
    { "nuance": "LR", "sieges": 117 },
    { "nuance": "DVD", "sieges": 15 },
    { "nuance": "FN", "sieges": 59 },
    { "nuance": "EXD", "sieges": 0 },
    { "nuance": "VID", "sieges": 0 },
    { "nuance": "ABS", "sieges": 0 },
    { "nuance": "CIT", "sieges": 0
  }]
}, {
  "titre": "La \"plus représentative\" (l'hollandaise) ",
  "sous_titre": "Scrutin à la proportionnelle par circonscription nationale",
  "nom_scientifique": "Scrutin à la proportionnelle plurinominale intégrale par circonscription nationale (méthode du quotient de Hare, pas de quorum d'éligibilité)",
  "results": [
    { "nuance": "EXG", "sieges": 6 },
    { "nuance": "FG", "sieges": 40 },
    { "nuance": "SOC", "sieges": 169 },
    { "nuance": "RDG", "sieges": 10 },
    { "nuance": "DVG", "sieges": 20 },
    { "nuance": "VEC", "sieges": 32 },
    { "nuance": "REG", "sieges": 3 },
    { "nuance": "ECO", "sieges": 6 },
    { "nuance": "AUT", "sieges": 3 },
    { "nuance": "CEN", "sieges": 10 },
    { "nuance": "ALLI", "sieges": 3 },
    { "nuance": "PRV", "sieges": 7 },
    { "nuance": "NCE", "sieges": 13 },
    { "nuance": "LR", "sieges": 156 },
    { "nuance": "DVD", "sieges": 20 },
    { "nuance": "FN", "sieges": 78 },
    { "nuance": "EXD", "sieges": 1 },
    { "nuance": "VID", "sieges": 0 },
    { "nuance": "ABS", "sieges": 0 },
    { "nuance": "CIT", "sieges": 0
  }]
}, {
  "titre": "Chambre \"à l'espagnole\"",
  "sous_titre": "Scrutin à la proportionnelle par circonscription départementale",
  "nom_scientifique": "Scrutin à la proportionnelle plurinominale par circonscription départementale (méthode de Hondt, quorum fixé à 3% par département)",
  "results": [
    { "nuance": "EXG", "sieges": 0 },
    { "nuance": "FG", "sieges": 21 },
    { "nuance": "SOC", "sieges": 224 },
    { "nuance": "RDG", "sieges": 6 },
    { "nuance": "DVG", "sieges": 13 },
    { "nuance": "VEC", "sieges": 11 },
    { "nuance": "REG", "sieges": 2 },
    { "nuance": "ECO", "sieges": 2 },
    { "nuance": "AUT", "sieges": 0 },
    { "nuance": "CEN", "sieges": 2 },
    { "nuance": "ALLI", "sieges": 1 },
    { "nuance": "PRV", "sieges": 1 },
    { "nuance": "NCE", "sieges": 3 },
    { "nuance": "LR", "sieges": 205 },
    { "nuance": "DVD", "sieges": 14 },
    { "nuance": "FN", "sieges": 72 },
    { "nuance": "EXD", "sieges": 0 },
    { "nuance": "VID", "sieges": 0 },
    { "nuance": "ABS", "sieges": 0 },
    { "nuance": "CIT", "sieges": 0
  }]
}, {
  "titre": "L'Assemblée selon les règles du référendum local",
  "sous_titre": "Scrutin majoritaire avec quorum d'éligibilité",
  "nom_scientifique": "Scrutin uninominal majoritaire à deux tours avec quorum d'éligibilité de 50% du corps electoral",
  "results": [
    { "nuance": "EXG", "sieges": 0 },
    { "nuance": "FG", "sieges": 0 },
    { "nuance": "SOC", "sieges": 232 },
    { "nuance": "RDG", "sieges": 12 },
    { "nuance": "DVG", "sieges": 0 },
    { "nuance": "VEC", "sieges": 16 },
    { "nuance": "REG", "sieges": 0 },
    { "nuance": "ECO", "sieges": 0 },
    { "nuance": "AUT", "sieges": 0 },
    { "nuance": "CEN", "sieges": 0 },
    { "nuance": "ALLI", "sieges": 0 },
    { "nuance": "PRV", "sieges": 0 },
    { "nuance": "NCE", "sieges": 11 },
    { "nuance": "LR", "sieges": 178 },
    { "nuance": "DVD", "sieges": 12 },
    { "nuance": "FN", "sieges": 0 },
    { "nuance": "EXD", "sieges": 0 },
    { "nuance": "VID", "sieges": 116 },
    { "nuance": "ABS", "sieges": 0 },
    { "nuance": "CIT", "sieges": 0
  }]
}, {
  "titre": "Le \"premier parti de France\"",
  "sous_titre": "Si l'abstention était un parti",
  "nom_scientifique": "Scrutin majoritaire uninominal à deux tours dans lequel l'abstention compte comme un parti politique",
  "results": [
    { "nuance": "EXG", "sieges": 0 },
    { "nuance": "FG", "sieges": 0 },
    { "nuance": "SOC", "sieges": 10 },
    { "nuance": "RDG", "sieges": 1 },
    { "nuance": "DVG", "sieges": 2 },
    { "nuance": "VEC", "sieges": 0 },
    { "nuance": "REG", "sieges": 0 },
    { "nuance": "ECO", "sieges": 0 },
    { "nuance": "AUT", "sieges": 0 },
    { "nuance": "CEN", "sieges": 0 },
    { "nuance": "ALLI", "sieges": 0 },
    { "nuance": "PRV", "sieges": 0 },
    { "nuance": "NCE", "sieges": 0 },
    { "nuance": "LR", "sieges": 3 },
    { "nuance": "DVD", "sieges": 1 },
    { "nuance": "FN", "sieges": 0 },
    { "nuance": "EXD", "sieges": 0 },
    { "nuance": "VID", "sieges": 0 },
    { "nuance": "ABS", "sieges": 560 },
    { "nuance": "CIT", "sieges": 0
  }]
}, {
  "titre": "Chambre vide, \"majorité silencieuse\"",
  "sous_titre": "A la majorité des inscrits",
  "nom_scientifique": "Scrutin uninominal à deux tours à la majorité des inscrits ",
  "results": [
    { "nuance": "EXG", "sieges": 0 },
    { "nuance": "FG", "sieges": 0 },
    { "nuance": "SOC", "sieges": 0 },
    { "nuance": "RDG", "sieges": 0 },
    { "nuance": "DVG", "sieges": 0 },
    { "nuance": "VEC", "sieges": 0 },
    { "nuance": "REG", "sieges": 0 },
    { "nuance": "ECO", "sieges": 0 },
    { "nuance": "AUT", "sieges": 0 },
    { "nuance": "CEN", "sieges": 0 },
    { "nuance": "ALLI", "sieges": 0 },
    { "nuance": "PRV", "sieges": 0 },
    { "nuance": "NCE", "sieges": 0 },
    { "nuance": "LR", "sieges": 0 },
    { "nuance": "DVD", "sieges": 0 },
    { "nuance": "FN", "sieges": 0 },
    { "nuance": "EXD", "sieges": 0 },
    { "nuance": "VID", "sieges": 577 },
    { "nuance": "ABS", "sieges": 0 },
    { "nuance": "CIT", "sieges": 0
  }]
}, {
  "titre": "Assemblée \"athénienne\"",
  "sous_titre": "Tirage au sort",
  "nom_scientifique": "Stochocratie",
  "results": [
    { "nuance": "EXG", "sieges": 0 },
    { "nuance": "FG", "sieges": 0 },
    { "nuance": "SOC", "sieges": 0 },
    { "nuance": "RDG", "sieges": 0 },
    { "nuance": "DVG", "sieges": 0 },
    { "nuance": "VEC", "sieges": 0 },
    { "nuance": "REG", "sieges": 0 },
    { "nuance": "ECO", "sieges": 0 },
    { "nuance": "AUT", "sieges": 0 },
    { "nuance": "CEN", "sieges": 0 },
    { "nuance": "ALLI", "sieges": 0 },
    { "nuance": "PRV", "sieges": 0 },
    { "nuance": "NCE", "sieges": 0 },
    { "nuance": "LR", "sieges": 0 },
    { "nuance": "DVD", "sieges": 0 },
    { "nuance": "FN", "sieges": 0 },
    { "nuance": "EXD", "sieges": 0 },
    { "nuance": "VID", "sieges": 0 },
    { "nuance": "ABS", "sieges": 0 },
    { "nuance": "CIT", "sieges": 577
  }]
}]
