Nuance,Assemblée élue au scrutin uninominal majoritaire à 2 tours,Scrutin uninominal majoritaire à 1 tour,Scrutin à Allemande | Uninominal,Scrutin à l'Italienne,Scrutin à l'espagnole,Scrutin à la proportionelle intégrale - Circonscription nationale,Si l'abstention était un parti,Scrutin uninominal avec quorum d'éligibilité,A la majorité des inscrits,Tirage au sort
EXG,0,0,0,0,0,6,0,0,0,0
FG,10,9,32,30,21,40,0,0,0,0
SOC,280,286,233,317,224,169,10,232,0,0
RDG,12,9,7,0,6,10,1,12,0,0
DVG,22,17,14,15,13,20,2,0,0,0
VEC,17,10,23,24,11,32,0,16,0,0
REG,2,1,1,0,2,3,0,0,0,0
ECO,0,0,0,0,2,6,0,0,0,0
AUT,0,2,2,0,0,3,0,0,0,0
CEN,2,1,1,0,2,10,0,0,0,0
ALLI,2,1,1,0,1,3,0,0,0,0
PRV,6,5,4,0,1,7,0,0,0,0
NCE,12,15,12,0,3,13,0,11,0,0
LR,194,207,168,117,205,156,3,178,0,0
DVD,15,8,6,15,14,20,1,12,0,0
FN,2,6,73,59,72,78,0,0,0,0
EXD,1,0,0,0,0,1,0,0,0,0
VID (vide),0,0,0,0,0,0,0,116,577,0
ABS (abstention),0,0,0,0,0,0,560,0,0,0
CIT (citoyen),0,0,0,0,0,0,0,0,0,577
